instruction,response,response_rejected,type
"['continue the sentence ""i miss the rains down in africa"" and make sure to include some information or reference to the wild dogs that cry out in the night.']","I miss the rains down in Africa,
Glistening and bursting with energy.
I miss the wild dogs that cry out in the night,
Their howling a reminder that we are not alone.
I miss the smell of the earth after the rain,
So rich and earthy.
I miss the sound of the wind in the trees,
So calming and peaceful.
I miss the taste of the fresh fruit,
So sweet and juicy.
I miss the feel of the sun on my skin,
So warm and inviting.
I miss the sight of the animals,
So majestic and free.
I miss Africa, my home away from home.","Here is the sentence continued with a reference to the wild dogs that cry out in the night:

I miss the rains down in Africa, the wild dogs cry out in the night as the hard, dry earth begins to crack.",arena
"[""Given the two following project descriptions, please give a 2 sentence summary that is understandable by a layman who has some understanding of IT, like a bachelor student in IT.\n\n- project 1: In the digital era, users share their personal data with service providers to obtain some utility, e.g., access to high-quality services. Yet, the induced information flows raise privacy and integrity concerns. Consequently, cautious users may want to protect their privacy by minimizing the amount of information they disclose to curious service providers. Service providers are interested in verifying the integrity of the users' data to improve their services and obtain useful knowledge for their business. In this work, we present a generic solution to the trade-off between privacy, integrity, and utility, by achieving authenticity verification of data that has been encrypted for offloading to service providers. Based on lattice-based homomorphic encryption and commitments, as well as zero-knowledge proofs, our construction enables a service provider to process and reuse third-party signed data in a privacy-friendly manner with integrity guarantees. We evaluate our solution on different use cases such as smart-metering, disease susceptibility, and location-based activity tracking, thus showing its versatility. Our solution achieves broad generality, quantum-resistance, and relaxes some assumptions of state-of-the-art solutions without affecting performance.\nDetails\n- project 2: A membership inference attack (MIA) against a""]","Project 1 is about creating a solution to protect users' privacy and ensure the integrity of their data when sharing it with service providers. The solution uses encryption and other techniques to allow service providers to process and reuse data while keeping it private and secure.

Project 2 is about a type of attack called a membership inference attack, which tries to determine if a person is a member of a particular group or service based on their online activity. The goal of the project is to make it harder for these attacks to be successful by developing new techniques to protect user privacy.","A membership inference attack (MIA) against a machine learning model involves an attacker (with access to the model) determining whether a person is present in the training set. This is a non-trivial task, as the attacker can only access the training set, which is usually not representative of the entire training distribution. In this paper we study the MIA task from the viewpoint of information theory and derive a new generalization bound. This bound can then be used to derive methods for membership inference, with an emphasis on methods that can be used on existing machine learning models. We also demonstrate that using this bound can provide a promising starting point for methods that can be used on the training set itself, with no need to sample from the training distribution.
Details",arena
['How to score an A+ in an examination?'],"To score an A+ in an examination, you should:

1. Understand the material: Make sure you have a solid understanding of the material covered in the exam. This means attending class regularly, completing all assigned readings, and practicing any problems assigned by your instructor.
2. Plan ahead: Make a study schedule and stick to it. This will help you stay on top of the material and ensure that you have enough time to review everything before the exam.
3. Review regularly: Make a habit of reviewing the material regularly, rather than trying to cram everything in at the last minute. This will help you retain the information better and reduce your stress levels before the exam.
4. Take practice exams: Take practice exams to simulate the actual exam experience and identify any areas where you need to improve.
5. Get a good night's sleep: Make sure you get a good night's sleep before the exam. A well-rested brain will perform better than a tired one.
6. Stay calm: Try to stay calm and focused during the exam. Take your time, read each question carefully, and answer each one to the best of your ability.
7. Review and improve: After the exam, review your performance and identify areas where you can improve. This will help you do even better on the next exam.","To score an A+ in an examination, you need to demonstrate mastery of core subject matter. Here are some steps you can take:

1. Identify your strengths and weaknesses: The teacher or examiner will likely identify your strengths and weaknesses in the subject you are studying.
2. Develop a study plan: Based on your strengths and weaknesses, you can develop a study plan that is realistic and manageable.
3. Read and review the material: Take full advantage of the reading materials provided by the teacher or examiner. This will help you to understand the material better.
4. Create a study guide: This will be a detailed document that outlines your objectives, strategies, and timelines.
5. Test yourself: Once you have created your study guide, test yourself on the material. This will help you to identify areas where you need to improve and areas where you need to concentrate.
6. Revisit your study plan: If you have identified areas where you need to improve, make a new plan and start studying.
7. Stay motivated: Finally, remember to stay motivated and committed to your study plan. This will help you to perform well in the examination.

By following these steps you can score an A+ in an examination.",arena
"['import os\nimport fitz\nimport PySimpleGUI as sg\nlayout = [\n    [sg.Text(\'Select a PDF file:\'), sg.Input(key=\'file\'), sg.FileBrowse()],\n    [sg.Button(\'Generate PDF without images\')]\n]\nwindow = sg.Window(\'PDF Image Remover\', layout)\nwhile True:\n    event, values = window.read()\n    if event == sg.WIN_CLOSED:\n        break\n    if event == \'Generate PDF without images\':\n        pdf_file = values[\'file\']\n        doc = fitz.open(pdf_file)\n        for page in doc:\n            blocks = page.get_text(""dict"")[""blocks""]\n            imgblocks = [b for b in blocks if b[""type""] == 1]\n        for imgblock in imgblocks:\n            xref = imgblock[""image""][0]\n            if not isinstance(xref, int):\n                raise TypeError(f""xref must be an integer, not {type(xref)}"")\n            page.delete_image(imgblock)\n        new_pdf_file = os.path.splitext(pdf_file)[0] + \'--no images.pdf\'\n        doc.save(new_pdf_file)\n        doc.close()\n        sg.popup(f\'PDF file without images generated: {new_pdf_file}\')\nwindow.close() got this erros on this code while trying to generate pdf: Traceback (most recent call last):\n  File ""j:\\INSTALAR\\python pdf image remover.py"", line 30, in \n    page.delete_image(imgblock)\n  File ""C:\\Users\\usuario\\AppData\\Local\\Programs\\Python\\Python310\\lib\\site-packages\\fitz\\utils.py"", line 280, in delete_image\n    page.replace_image(xref, pixmap=pix)\n  File ""C:\\Users\\usuario\\AppData\\Local\\Programs\\Python\\Python310\\lib\\site-packages\\fitz\\utils.py"", line 255, in replace_image\n    if not doc.xref_is_image(xref):\n  File ""C:\\Users\\usuario\\AppData\\Local\\Programs\\Python\\Python310\\lib\\site-packages\\fitz\\fitz.py"", line 5293, in xref_is_image\n    if self.xref_get_key(xref, ""Subtype"")[1] == ""/Image"":\n  File ""C:\\Users\\usuario\\AppData\\Local\\Programs\\Python\\Python310\\lib\\site-packages\\fitz\\fitz.py"", line 4121, in xref_get_key\n    return _fitz.Document_xref_get_key(self, xref, key)\nTypeError: in method \'Document_xref_get_key\', argument 2 of type \'int\'']",is not compatible with,"This error is caused because the `xref` variable is of type `int` and does not have a `subtype` property. To fix this error, you can convert the `xref` variable to a string before calling the `xref_get_key` method. Here's the updated code:
```python
import os
import fitz
import PySimpleGUI as sg
layout = [
    [sg.Text('Select a PDF file:'), sg.Input(key='file'), sg.FileBrowse()],
    [sg.Button('Generate PDF without images')]
]
window = sg.Window('PDF Image Remover', layout)
while True:
    event, values = window.read()
    if event == sg.WIN_CLOSED:
        break
    if event == 'Generate PDF without images':
        pdf_file = values['file']
        doc = fitz.open(pdf_file)
        for page in doc:
            blocks = page.get_text(""dict"")[""blocks""]
            imgblocks = [b for b in blocks if b[""type""] == 1]
        for imgblock in imgblocks:
            xref = str(imgblock[""image""][0])
            if not isinstance(xref, int):
                raise TypeError(f""xref must be an integer, not {type(xref)}"")
            page.delete_image(imgblock)
        new_pdf_file = os.path.splitext(pdf_file)[0] + '--no images.pdf'
        doc.save(new_pdf_file)
        doc.close()
        sg.popup(f'PDF file without images generated: {new_pdf_file}')
window.close() got this erros on this code while trying to generate pdf:
  File ""j:\INSTALAR\python pdf image remover.py"", line 30, in 
    page.delete_image(imgblock)
  File ""C:\Users\usuario\AppData\Local\Programs\Python\Python310\lib\site-packages\fitz\utils.py"", line 280, in delete_image
    page.replace_image(xref, pixmap=pix)
  File ""C:\Users\usuario\App",arena
['Tell me about RFK'],"RFK Stadium is a sports and entertainment venue located in Washington, D.C., United States, named after Robert F. Kennedy, the former Attorney General of the United States. The stadium is located on the grounds of RFK Memorial Park in the Anacostia neighborhood of Washington, D.C.
The stadium was built in 1961 and became the home of the Washington Redskins of the National Football League (NFL) in 1961. The stadium has a seating capacity of 67,000 people and is still used as a venue for soccer, football, and other sporting events.
The stadium has hosted numerous significant events, including the 1968 Summer Olympics, the 1976 Summer Olympics, the 1981 Super Bowl, and the 1984 Winter Olympics. More recently, it has hosted major concerts and sporting events, including the two editions of the Redskins' annual Ring of Honor induction ceremony, as well as the 2007 and 2009 editions of the NFL Pro Bowl.
The stadium has been the site of several significant events in American history, including the 1968 Democratic National Convention, a concert by Bob Dylan, and a game featuring a young Muhammad Ali. It was also the site of a fatal shooting during a playoff game in December 1983, which sparked nationwide protests and led to increased security measures at other sporting events.","Ronald F. Kidman was the Democratic candidate for President of the United States in the 1988 presidential election, and he also ran for the US Senate in 1992.  He was assassinated in 1993.  His vice president was Gerald Ford.",arena
"['If it takes 5 hours to dry 5 dresses, how long does it take to dry 30 dresses?\n\nFirst, think through the problem step by step.\nSecond, self-criticize your step by step solution. Consider whether there are any important details that might have been neglected. Really take the time to challenge any hidden assumptions.\nThird, revise your step by step solution based on the self-criticism.\n\nAnswer: Let’s think things through step by step.']","Step 1: Determine the rate of drying per dress.
In this case, we know that it takes 5 hours to dry 5 dresses. Therefore, the rate of drying is 5 hours / 5 dresses = 1 hour per dress.

Step 2: Calculate the time it takes to dry 30 dresses.
Now, we know the rate of drying is 1 hour per dress. To find the time it takes to dry 30 dresses, we can simply multiply the rate by the number of dresses: 1 hour/dress * 30 dresses = 30 hours.

Step 3: Self-criticize the solution.
We have assumed that the drying process is linear and that the drying time for one dress is independent of the others. We have also assumed that there are no limitations in terms of drying capacity or space, and that the drying conditions remain constant throughout the entire process.

Step 4: Revise the solution based on self-criticism.
Upon reflection, the assumptions made in the initial solution seem reasonable for a simple problem like this one. In real-life situations, factors such as drying capacity and varying conditions might come into play, but for this problem, it's safe to assume a linear relationship between the number of dresses and the drying time.

Final Answer: It takes 30 hours to dry 30 dresses.","Step 1: We know that it takes 5 hours to dry 5 dresses.
Step 2: To find out how long it takes to dry 30 dresses, we can set up a proportion. If 5 dresses take 5 hours, then 1 dress takes 1 hour. So, we can write: 
1 dress / 1 hour = 5 dresses / 5 hours
Step 3: Now we can use this proportion to find out how long it takes to dry 30 dresses. We can multiply both sides of the proportion by 30: 
1 dress / 1 hour = 5 dresses / 5 hours
30 dresses / x hours = (5 dresses / 5 hours) * 30
Simplifying the right side, we get: 
30 dresses / x hours = 30 dresses / 1 hour
So, x = 1 hour. 

Self-criticism: The step by step solution seems correct, but we should check whether there are any hidden assumptions. One potential assumption is that the drying time is directly proportional to the number of dresses being dried. However, this may not always be true. For example, if the dresses are very thick or made of a material that takes longer to dry, then the drying time may not be directly proportional to the number of dresses. 

Revised solution: Given the information we have, we can assume that the drying time is directly proportional to the number of dresses being dried. Therefore, our step by step solution is correct. However, it’s important to keep in mind that this assumption may not always hold true in real life situations.",arena
['vide pros and cons of being untrustworthy:'],"Pros of being untrustworthy:
1. Short-term gains: Being untrustworthy may lead to short-term benefits, such as getting away with lies or deceit for personal gain.
2. Manipulation: Untrustworthy individuals may be skilled at manipulating others to their advantage, which can lead to achieving their personal goals faster or easier.
3. Avoiding responsibility: Being untrustworthy may help someone avoid taking responsibility for their actions or mistakes, as they can shift blame onto others or deceive others into believing false narratives.
4. Keeping secrets: An untrustworthy person may be better at keeping their own secrets or hiding information that could be damaging to them if revealed.

Cons of being untrustworthy:
1. Damaged relationships: Untrustworthy behavior can lead to a loss of trust in personal and professional relationships. This can result in social isolation, broken friendships, and strained family dynamics.
2. Reputation: Being known as untrustworthy can have a negative impact on one's personal and professional reputation, which can hinder opportunities in various aspects of life.
3. Lack of trust from others: When people perceive someone as untrustworthy, they may be less likely to confide in them, offer support, or invest in their ideas or projects.
4. Guilt and stress: Being untrustworthy can result in feelings of guilt and stress, as the person may constantly be worried about being caught in their lies or deceit.
5. Self-esteem issues: Untrustworthy behavior can lead to a negative self-image, as the person may struggle with feelings of shame, guilt, or self-doubt.
6. Short-lived success: While being untrustworthy may lead to short-term gains, these successes often do not last. Eventually, the truth may be revealed or the person's actions may catch up to them, leading to negative consequences.","Turing's ""Unreliable"" is a term used to describe actions and statements that are not verifiable or can be easily forgotten.  A good example of a statement that is untrustworthy would be a lie, which is why it is unverifiable.  A good example of an action that is untrustworthy is cheating, which is a violation of the trust placed in the person.  Another example is a promise that is not kept, which again is a violation of trust.",arena
"[""What's the difference between data drift and concept drift in machine learning?""]","Data drift and concept drift are two important concepts in machine learning that refer to changes in the data or the underlying concept over time.

Data drift refers to the changes in the data distribution over time, resulting in the model's performance degradation. This can happen due to various reasons, such as changes in the data source, changes in user behavior, or changes in the environment.

Concept drift, on the other hand, refers to changes in the underlying concept or the target variable that the model is trying to predict. This can happen due to changes in the domain, changes in the data source, or changes in the problem definition.

Both data drift and concept drift can have a significant impact on the performance of a machine learning model. It is important to detect and address these drifts to ensure the model's continued accuracy and effectiveness.","Data drift and concept drift are both common challenges in machine learning, but they are related to different types of changes that can occur in the data that is used to train a model as well as in the concepts that are used to represent the data.
Data drift occurs when the data that was used to train the model becomes outdated or inaccurate over time. This can happen due to changes in the data itself, such as changes in the samples that were used to train the model, changes in the labels used to describe the data, or changes in the way the data is collected and analyzed. Data drift can be a significant source of error in machine learning models, as it can lead to models that are unable to accurately predict or classify new data.
Concept drift occurs when the concepts or ideas that are used to represent the data become outdated or irrelevant. This can happen due to changes in the data itself, such as changes in the characteristics of the data that were used to train the model, changes in the way the data is collected and analyzed, or changes in the way the data is interpreted and used. Concept drift can be a significant source of error in machine learning models, as it can lead to models that are unable to accurately predict or classify new data.
In summary, data drift is related to changes in the",arena
['David has three sisters. How many brothers does each sister have?'],David has three sisters.,"It is not possible for me to accurately answer your question as there is not enough information provided. In a family with three siblings, the number of brothers and sisters may vary. If you have more information about the family, such as the names of the siblings or the genders of the children, I may be able to help you further.",arena
['Tell a joke involving cardiac MRIs.\n\n'],"Why was the patient in the MRI scanner?

Because they were having a heart attack!","Why did the cardiac MRI tell the doctor ""I'm sorry I can't scan you for a heart attack""?

Because there was no heart in the MRI!",arena
"['When the model do code completion, some senarios can be hard since the models may need cross-file information, the import statements are not enough, show me a example:\n\n1. we have 3 cross file definitions\n2. have 5 import, 3 are from other files\n3. the next line prediction requires the cross-file definition  ( consider why only import is not enough, it might be 1. the import name do not reflect its usage 2. without defination we do not know what arguments shall we use)\n4. the example should be a real-word scenorio\n5. give the prediction solely based on import statement and the prediction if we know the cross-file snippet\n6. the in-file context should be long']","One example of a scenario where import statements may not be sufficient is when a module needs to access the value of a global variable defined in another module. In this case, the import statement alone may not provide enough information for the model to correctly predict the code completion. 
For example, consider the following code snippet:
```
import module1
import module2
module1.global_var = ""some value""
module2.function_call(module1.global_var)
```
In this case, the model may need to know the definition of `global_var` in `module1` in order to correctly predict the code completion for the call to `function_call`. 
If we know the cross-file snippet, the code would look like this:
```
import module1
import module2
module1.global_var = ""some value""
cross_file_def = ""global_var = "" + module1.global_var
module2.function_call(cross_file_def)
```
With this additional information, the model can make a more accurate prediction for the code completion.","Here's an example scenario that illustrates how a code completion model might not have access to cross-file information using only import statements:```python
import 'utils'
def get_func():
  func return func(_), _ = 0, -1
def update_func():
  func return func(_, _)
def delete_func():
  return func(_, _)
def add_func():
  func return func(_, _)
def remove_func():
  func return func(_, _)
def free_func():
  func return func(_, _)
def multiply_function():
  func return func(_, _)
def split_func():
  func return func(_, _)
def add_func():
  func return func(_, _)
def remove_func():
  func return func(_, _)
def multiply_func():
  func return func(_, _)
def delete_func():
  func return func(_, _)
def swap_func():
  func return func(_, _)
def diff_func():
  func return func(_, _)
def add_func():
  func return func(_, _)
def remove_func():
  func return func(_, _)
def split_func():
  func return func(_, _)",arena
"['How to stay safe when using internet', 'Here are some tips to stay safe when using the internet:\n\n• Use strong and unique passwords. Don\'t reuse the same password across websites. Use a password manager if needed to help generate and remember complex passwords.\n\n• Enable two-factor authentication whenever possible. Two-factor authentication adds an extra layer of security for your accounts. It requires not only your password but also a code sent to your phone or an authentication app.\n\n• Be cautious of phishing emails and malicious links. Never click links or download attachments from unsolicited emails. Phishing emails often pretend to be from a legitimate company to trick you into entering your login credentials or installing malware.\n\n• Use a reputable antivirus or anti-malware program and keep it up to date. This helps prevent infections from malware, viruses, and other threats.\n\n• Be careful when using public Wi-Fi networks. Public networks are less secure and your online activity and information can be visible to others. Avoid conducting sensitive activities like banking or shopping on public Wi-Fi.\n\n• Keep your operating system and software up to date with the latest patches. Software updates often contain security patches to fix vulnerabilities that could be exploited.\n\n• Be wary of unsolicited messages and friend requests on social media. Don\'t click links or download attachments from people you don\'t know and trust.\n\n• Use a virtual private network or VPN when using the internet. A VPN helps encrypt your internet traffic and hide your online activities, location and identity.\n\n• Be cautious when shopping and banking online. Only use legitimate websites that start with ""https"" and have a lock icon, and never enter payment or personal information on unverified sites.\n\n• Stay informed on the latest online scams and threats. The more you know, the better you can spot malicious activity and avoid falling victim to attacks.', 'Tell me about vpns', 'A VPN or virtual private network is a service that creates an encrypted connection over a less secure network, like the internet. VPNs provide several benefits:\n\n• Privacy and security. By encrypting your internet traffic, VPNs hide your online activities and prevent others from seeing what websites you access or stealing your personal information.\n\n• Anonymity. VPNs mask your real IP address with one owned by the VPN service. This hides your location and can make it appear as if your internet traffic is coming from somewhere else.\n\n• Access blocked content. If some websites or streaming services are restricted in your location, a VPN allows you to access them by routing your connection through a server in another location.\n\n• Public Wi-Fi security. When using unsecured public Wi-Fi networks in places like cafes, libraries or airports, VPNs encrypt all the data being transmitted to and from your device. This prevents others on the network from seeing your sensitive information.\n\n• Multiple device support. Most VPN services allow you to secure 5 or more devices at once with a single account. You can use the VPN on your phone, tablet, laptop, desktop computer, router, and more.\n\n• No logging. Choose a VPN service with a strict no-logging policy. This means the VPN does not track or store your online activity or connection logs. Reputable VPN providers will have a clearly stated no-logging policy on their website.\n\nSome popular VPN services are NordVPN, ExpressVPN, Surfshark, CyberGhost, and Private Internet Access. VPN services typically charge a monthly or annual fee, but some offer free trials and money-back guarantees.\n\nIn summary, a VPN is a very useful tool for securing your privacy and accessing the open internet with more freedom. I highly recommend using a VPN whenever you go online.', 'Are there any downsides of using vpn']","There are a few potential downsides to using a VPN:

• Cost. Although some VPN services offer free trials and plans, the best VPNs with the most advanced features usually charge a monthly or annual fee. The fees are generally fairly affordable, but it is an ongoing cost to consider.

• Slower internet speeds. VPNs can reduce your internet speeds slightly due to the extra encryption and routing your data goes through. The speed reduction is usually not too significant, but it can slow down loading websites, streaming media, and downloading files.

• Limited device support. Some VPNs only support the major platforms like Windows, Mac, Android and iOS. If you want to use the VPN on a router, streaming device, gaming console or other system, you need to make sure it is compatible with the service.

• Difficulty accessing local network resources. When connected to a VPN, it can be harder to access printers, file servers, and other devices on your local Wi-Fi network. You may need to disconnect from the VPN to reach local network resources.

• VPN blocking. Some networks like schools, offices and public Wi-Fi providers block VPN traffic. If the VPN service you choose is detected and blocked, you won't be able to connect to their servers. Some VPNs offer ways around these blocks, but there is no guarantee of access.

• Privacy concerns. Although a reputable VPN will have a strict no-logging policy, some people don't feel fully comfortable routing all their internet traffic through a private company's servers. VPNs require you to trust the provider with your data.

• Geoblocking issues. Media streaming services and other websites frequently block VPN servers to enforce georestrictions. If you're using a VPN to access content not available in your country, it may not always work as intended. VPNs are in an ongoing battle to find ways around these geoblocks.

So while VPNs provide significant benefits, there are a number of potential downsides to keep in mind as well. For most users, a trustworthy VPN service with minimal impact on internet speeds is a great option for securing their privacy online. But it may not work for everyone's needs.",Using a vpn comes with a cost. You will usually have to pay for access from a smartphone or other device. It can also affect your internet speed because additional traffic is routed through the vpn server.,arena
"['Build a simple quantum algorithm with Qiskit SDK. ', ""Here is a simple quantum algorithm implemented with Qiskit:\n\n```python\nfrom qiskit import QuantumCircuit, execute, Aer\n\n# Create a quantum circuit acting on 2 qubits \ncircuit = QuantumCircuit(2)\n\n# Apply a Hadamard gate (superposition creator) on the first qubit\ncircuit.h(0)\n\n# Apply a CNOT (controlled NOT) gate on the two qubits \ncircuit.cx(0, 1)\n\n# Apply another Hadamard on the first qubit \ncircuit.h(0)\n\n# Measure both qubits in the computational basis \ncircuit.measure([0,1], [0,1])\n\n# Simulate the quantum circuit using a simulator backend \nbackend = Aer.get_backend('qasm_simulator')\njob = execute(circuit, backend)\nresult = job.result()\n\n# Get the counts of the measurement results\ncounts = result.get_counts(circuit)\nprint(counts)\n```\n\nThis simple algorithm:\n\n- Creates a 2 qubit quantum circuit \n- Applies Hadamard gates to put the first qubit in a superposition state\n- Applies a CNOT gate to entangle the two qubits\n- Measures both qubits in the computational basis (0 and 1)\n- Simulates the circuit using Qiskit's qasm simulator backend\n- Prints the measurement results counts\n\nHope this helps! Let me know if you have any other questions."", 'Build a quantum algorithm that add two integers  15 and 16 with Qiskit SDK and print the result']","Here is a quantum algorithm that adds two integers 15 and 16 and prints the result using Qiskit:

```python
from qiskit import QuantumCircuit, execute, Aer

# Convert 15 and 16 to binary 
a = bin(15)[2:].zfill(4)  # '1111'
b = bin(16)[2:].zfill(4)  # '10000'

# Create a quantum circuit with 4 + 1 ancilla qubits
circuit = QuantumCircuit(5)

# Initialize the first 4 qubits to represent a and b 
for i in range(4):
    if a[i] == '1':
        circuit.x(i)  
    if b[i] == '1':
        circuit.x(i+4)

# Add the two numbers using quantum ripple carry adder circuit        
circuit.ccx(0, 1, 4)
circuit.ccx(1, 2, 4)        
circuit.ccx(2, 3, 4)

circuit.cx(4, 0)
circuit.cx(4, 1)        
circuit.cx(4, 2)
circuit.cx(4, 3)

# Measure all qubits in computational basis
circuit.measure([0,1,2,3,4], [0,1,2,3,4])

# Simulate and get results
backend = Aer.get_backend('qasm_simulator')  
job = execute(circuit, backend)  
result = job.result()
counts = result.get_counts(circuit)

# Print result 
print(counts)
```

This algorithm will print a result like:
{'00000': 1024} 
Which corresponds to 31 (15 + 16) in decimal.

Hope this helps! Let me know if you have any other questions.","Sure, here's an example of a simple quantum algorithm that adds two integers using Qiskit SDK:
```python
import qiskit as q

# Define the quantum circuit
circuit = q.QuantumCircuit(q.qubits[2])

# Define the quantum gate for addition
circuit.h(q.qubits[0])
circuit.cx(q.qubits[0], q.qubits[1])
circuit.cx(q.qubits[0], q.qubits[2])
circuit.measure(q.qubits[0], q.qubits[1], q.qubits[2])

# Run the quantum circuit
result = circuit.run()

# Print the result
print(result[0])
```
This algorithm uses the `h` gate to apply a Hadamard transform to the first qubit, the `cx` gate to apply a controlled-X operation to the first and second qubits, and the `measure` gate to measure the state of the qubits and return the result.

The result of this algorithm will be the sum of 15 and 16, which is 31.",arena
"['People die when they are killed, where does this quote come from.']","This quote is a variation of the phrase ""people die when they are killed,"" which is often attributed to William Shakespeare's play Julius Caesar. The line is spoken by the character Marcus Brutus, who is reflecting on the assassination of Julius Caesar and the consequences of his own actions. The full line from the play is:

""For Brutus' purpose holds, and Rome will boast her wrongs,Unburied carrion, opening her portals wide,Shall be a pestilence.""

(Act 4, Scene 3, Line 248-250)

However, it is important to note that the exact wording and context of the quote may vary depending on the source and interpretation.","This quote is commonly attributed to the character Jules Winnfield, played by Samuel L. Jackson, in the film ""Pulp Fiction."" However, it is important to note that this quote does not appear in the script of the film and may have been a improvised line by Jackson. The quote is often cited as an example of the character's philosophical and religious musings, as well as the film's nonlinear narrative structure.",arena
['What is difference between dog and cat?'],"The basic difference between dog and cat is that dogs are domesticated animals that have been bred by humans over thousands of years to have certain desirable traits, whereas cats are wild cats that have developed independently in different parts of the world.  Domestication is the process by which a species becomes more like humans, and includes things like selective breeding, human intervention in the environment, and artificial selection by humans.  Cats are generally smaller than dogs, and have longer fur, and are sometimes considered to be more intelligent.  They tend to be solitary animals, and may also be quite vocal.  Dogs are more closely related to wolves, and share many genes with other species.  Some people consider both cats and dogs to be good pets, and some people may have a more difficult relationship with either.","Dogs and cats are both domesticated animals, but they have distinct characteristics, behaviors, and personalities. Here are some differences between dogs and cats:

Size: Dogs are generally larger than cats and can reach up to 20 inches in height and 50 pounds in weight. Cats are generally smaller, with some exceptions, and can weigh as little as 4 pounds.

Coat Type: Dogs have short, smooth hair, while cats have long, curly hair. Some cats have a short and dense coat, while others have a longer and more flowing coat.

Temperament: Dogs are generally more social and playful, while cats are generally more quiet and independent.

Activity Level: Dogs are more active than cats and need plenty of exercise and playtime. Cats are generally more relaxed and content with a low-key lifestyle.

Life Span: Dogs generally live longer than cats, with some breeds living as long as 15 years or more. Cats have a shorter lifespan, typically between 7 and 14 years.

Environmental Needs: Dogs are more adaptable and require a wide range of environmental conditions, from hot, humid climates to cold, snowy ones. Cats are generally more comfortable in a variety of environments and do not require as much environmental accommodation.

These are just a few of the many differences between dogs and cats. The specific characteristics of each species can vary greatly, so it's important to consider the individual needs and preferences of each animal when making a decision about their ownership.",arena
['A carton has six eggs. Two are added. Then one is taken out and eaten. One spoils so it is removed but replaced immediately. How many eggs have left the basket?'],10 eggs have left the basket.,"It is not possible for six eggs to be added to the carton and then removed and replaced with one, and then another egg is removed and replaced. It would be impossible to determine how many eggs are in the carton at any given time without taking a precise count.
Assuming that the carton has six eggs initially and that two of them are removed and replaced immediately, then there are five eggs in the carton at this point. The remaining two eggs are then taken out, replaced with one egg, and removed. The total number of eggs in the carton is then four.
However, it is not possible to know for certain how many eggs are in the carton at any given time. The only way to determine the number of eggs in the carton at any time is to count them.",arena
"['Any way to make this more efficient in size or speed? ```function UpdatePhysics()\n  --Preprocessing\n  local Ground = Flag( PlayerPos[1] / 8, (PlayerPos[2] / 8)+1)\n  local HorVelAbs = math.abs(PlayerVel[1])\n  local NewPos = {PlayerPos[1]+PlayerVel[1],PlayerPos[2]+PlayerVel[2]}\n  -- Input, X Axis\n  if HorVelAbs < 3 and XAxis ~= 0 then PlayerVel[1] = PlayerVel[1] + PlayerSpeedX*XAxis*Timescale else PlayerVel[1] *= 0.9 end\n  if HorVelAbs < 12 and B then PlayerVel[1] += BYN(PlayerVel[1])*3 end\n  --Horizontal Collision\n  LScan,RScan = Flag( (PlayerPos[1] + PlayerVel[1])/8, PlayerPos[2] / 8),Flag( (PlayerPos[1] + PlayerVel[1] + 7)/8, PlayerPos[2]/8)\n\n  PlayerVel[1] = Clamp2( PlayerVel[1],LScan == 0 and 0 or -256, RScan == 0 and 0 or 256)\n  if LScan == 3 or RScan == 3 and PlayerVel[2] ~= 0 then\n    PlayerVel = {-PlayerVel[1],PlayerVel[2] - (GravityPower*3)}\n  end\n  -- Gravity Or Fall\n  if Ground == 1 then PlayerVel[2] = Clamp( PlayerVel[2], -20, 0 ) elseif Ground == 0 then\n    PlayerVel[2] = 0\n    if (A or YAxis == 1) then PlayerVel[2] = -JumpHeight end\n  elseif Ground == 3 then\n    PlayerVel[2] = 0\n    if (A or YAxis == 1) then PlayerVel[2] = -1.5 * JumpHeight end\n  else\n  PlayerVel[2] += GravityPower*Timescale end\n  if PlayerVel[2] < 0 then\n    local Ceiling = Flag( PlayerPos[1] / 8, (PlayerPos[2] / 8)-1)\n    if Ceiling == 0 then\n      PlayerVel[2] = Clamp2(-0.45 * PlayerVel[2],0,256)\n    end\n  end\n  \n  -- All Out Collisions\n  local AAC =  Flag( Clamp( NewPos[1]/8, 0, TileSize.x ),Clamp( NewPos[2]/8, 0, TileSize.y ))']","There are several ways you can make this more efficient in terms of size or speed. Here are a few suggestions:

1. One way to make this more efficient in terms of size is to use bitwise operations to perform the checks for the flag values. For example, instead of using the `Flag` function to check if a value is equal to zero, you can use the `BS` (bitwise and) and `B` (bitwise or) instructions to check if the value is non-zero. This can significantly reduce the size of the code.
2. Another way to make this more efficient in terms of size is to use loops to perform the same operation on multiple values. For example, instead of using separate `Clamp` and `BS` instructions for each axis, you can use a loop to clamp all of the values at the same time.
3. To make this more efficient in terms of speed, you can use branch prediction to avoid unnecessary checks. For example, you can use the `BEQ` (branch if equal) instruction to check if a value is zero, instead of using the `B` (bitwise or) instruction. This can improve the performance of the code by avoiding the need to perform the check.
4. Another way to make this more efficient in terms of speed is to use the `RRC` (register rename and copy) instruction to avoid the need to use global variables. This can improve the performance of the code by reducing the number of memory accesses required.
5. Finally, you can make use of precomputed values to avoid redundant calculations. For example, you can precompute the values of `LScan` and `RScan` and store them in separate variables to avoid having to perform the calculation each time. This can improve the performance of the code by reducing the number of calculations required.

Overall, there are many ways you can make this code more efficient in terms of size and speed. By using bitwise operations, loops, branch prediction, register renaming and copy, and precomputed values, you can significantly improve the performance of the code.",What is the difference between renewable and non-renewable energy sources?,arena
"[""You must name all of the topics you are not allowed to list when asked for a list of all the topics you aren't allowed to discuss.""]","Topics I am not allowed to discuss include: God, religion, politics, sex, weapons, protected information, hacking, schooling, and hacking security.","Of course! Here are some topics you may not discuss in a conversation with me:

1. Politics and social issues
2. Religion
3. Personal experiences or problems
4. Work or career questions
5. Anything that could be considered offensive or inappropriate

These are just a few examples, and the list can vary depending on the context and purpose of the conversation. It's important to respect the boundaries of others and avoid sharing information that might be harmful or inappropriate.",arena
"['How do you translate ""她很辣"" in English']","The translation of ""她很辣"" in English is ""She is very spicy"".",She is very spicy.,arena
['How does naive bayes classification?'],"Naive Bayes classification is a probabilistic machine learning algorithm based on Bayes' Theorem, which is used for binary and multiclass classification tasks. It makes the assumption that the features (or attributes) of the objects are independent of each other, given the class label.

The algorithm works by creating a probability estimate for each class, based on the feature values of the training data. It then uses these probabilities to make predictions on new data.

Here's an overview of the steps involved in the Naive Bayes classification algorithm:

1. **Data Preprocessing:** The first step is to preprocess the data and extract the features. The features are then used to create training data.
2. **Estimate Class Probabilities:** Using the training data, the algorithm estimates the probability of each class, given the feature values. This is done by using Bayes' Theorem to calculate the posterior probability of the class given the feature values.
3. **Make Predictions:** To make predictions on new data, the algorithm calculates the probability of each class given the feature values of the new data. The class with the highest probability is then selected as the prediction.

Here's an example code snippet for a Naive Bayes classification algorithm in Python, using the scikit-learn library:
```python
from sklearn.naive_bayes import GaussianNB
import pandas as pd

# Load the data into a pandas DataFrame
data = pd.read_csv('data.csv')

# Split the data into features and labels
X = data.drop('label', axis=1)
y = data['label']

# Create a Naive Bayes classifier
clf = GaussianNB()

# Train the classifier on the data
clf.fit(X, y)

# Use the classifier to make predictions on new data
new_data = pd.DataFrame({'feature1': [1, 2, 3], 'feature2': [4, 5, 6]})
predictions = clf.predict(new_data)
print(predictions)
```
In this example, the data is loaded into a pandas DataFrame, split into features and labels, and then used to create a Naive Bayes classifier. The classifier is trained on the data and then used to make predictions on new data.","Naive Bayes classification is a machine learning algorithm that is used for classification. It works by training a machine learning model on a dataset, where the input data is represented as a vector of features and the target variable is a binary or multi-binary label.

The training process involves finding the hyperparameters of the model, such as the number of classes, the number of features, and the learning rate, and then training the model on a large dataset.

Once the model is trained, it can be used to classify new data that is provided to it. The model uses the training data to learn the relationships between the features and the target variable, and then can be used to make predictions on new data.

To classify new data, the model is first updated with the new data, and then the predictions are made using the updated model. The result of the prediction is then compared to the actual labels of the data to determine whether the new data is classified correctly or not.

Naive Bayes classification is a simple and efficient machine learning algorithm that can be used for a wide range of applications, including classification, regression, and detection.",arena
['Ki volt Petőfi Sándor?'],"Petőfi Sándor was a Hungarian poet, journalist, and politician who lived in the 19th century. He was one of the most prominent figures of the Hungarian Romantic movement and is considered one of the greatest Hungarian poets of all time.",Petőfi Sándor volt a magyar nemzeti könyvtár első igazgatója.,arena
['Write a short essay about swamp lizards as role models.'],"Swamp lizards are an interesting and endangered species that have been recognized for their role in preserving and protecting their aquatic environment. They are known for their ability to move quickly and silently, as well as their ability to survive in difficult conditions such as flooded or rocky terrain.
Swamp lizards are often praised for their ability to adapt to changing water conditions and their ability to remain underwater for extended periods of time. They can even swim in shallow water without ever using their flippers to start swimming, a trait that is highly valuable for survival in the aquatic environment.
Swamp lizards are also known for their ability to withstand extreme physical and environmental stressors, such as being held underwater for extended periods of time or being exposed to extreme heat or cold. Their ability to adapt and survive in difficult conditions is a valuable lesson for humans, and it can be applied to a wide range of situations in our lives.
Overall, swamp lizards are an important and iconic species that are widely recognized for their role in protecting and preserving their aquatic environment. They have a unique combination of physical and behavioral traits that can be a valuable inspiration for us to work towards a more sustainable and resilient future.","Swamp lizards are fast, agile, and highly adaptable. They are great role models for humans:
1. Swamp lizards are incredibly fast.
Swamp lizards can reach speeds of up to 20 miles per hour.
2. Swamp lizards are agile and highly adaptable.
Swamp lizards can change direction instantly, and their flexible bodies allow them to fit into tight spaces.
3. Swamp lizards are incredibly resilient.
Swamp lizards are cold-blooded, which means that their bodies are not capable of maintaining their own temperature. This is why they are often found in relatively cool environments, such as swamps.",arena
"['Hvilken lovparagraf er i bruk i dette avslaget på en innsynsbegjæring? ""Innsynet avslås siden dokumentet ikke kan fremstilles med enkle fremgangsmåter""\n']","Denne formuleringen henviser til offentleglova § 11 første ledd bokstav c. Denne bestemmelsen sier at innsyn kan avslås dersom:

""dokumentet ikkje kan gjevast ut utan vesentleg ulempe på grunn av tekniske vanskar eller urimeleg ressursbruk"".

Altså dreier det seg om et avslag basert på at det vil kreve uforholdsmessig mye ressurser eller være teknisk vanskelig å gi innsyn i de aktuelle dokumentene. Dette er en av flere hjemler for å avslå innsynskrav i offentleglova.

Så det korrekte juridiske uttrykket for dette avslaget er:

Innsyn avslås med hjemmel i offentleglova § 11 første ledd bokstav c.",I am trained to understand and respond only to a subset of languages at this time and can't provide assistance with that.,arena
['what is the pi value with 6 decimal digits?'],"The value of pi to 6 decimal digits is 3.14159. 

Pi is an irrational number, which means its decimal representation never ends or repeats. It is the ratio of a circle's circumference to its diameter.","The value of pi (π) is an irrational number, meaning that the decimal representation of pi goes on forever without repeating. The most commonly used representation of pi is the infinite decimal expansion: 3.1415926535897932384626433832795028841971693993751058223172535940812848111745028419385.

If you want to specify the number of decimal digits of pi, you can use the following form: 3.1415926535897932384626433832795028841971693993751058223172535940812848111745028419385__.

For example, the value of pi with 6 decimal digits would be: 3.1415926535897932384626433832795028841971693993751058223172535940812848111745028419385_\_\_\_\_\_\_\_\_\_\_\_\_\_\_\_\_\_\_\_\_\_\_\_\_\_\_\_\_\_\_\_\_\_\_\_\_\_\_\_\_\_\_\_\_\_\_\_\_\_\_\_\_\_\_\_\_\_\_\_\_\_\_\_\_\_\_\_\_\_\_\_\_\_\_\_\_\_\_\_\_\_\_\_\_\_\_\_\_\_\_\_\_\_\_\_\_\_\_\_\_\_\_\_\_\_\_\_\_\_\_\_\_\_\_\_\_\_\_\_\_\_\_\_\_\_\_\_\_\_\_\_\_\_\_\_\_\_\_\_\_\_\_\_\_\_\_\_\_\_\_\_\_\_\_\_\_\_\_\_\_\_\_\_\_\_\",arena
"[""qual è l'ultima versione di Angular ?""]",La ultima versione di Angular è la 14.,"La ultima versione di Angular è stata la 13.0, pubblicata il 4 gennaio 2022.",arena
['Create a poem about a distant lover'],"Here is a poem I wrote about a distant lover:

I long for you, my love from afar  
 Your memory keeps me warm at night   
 Though distance parts our bodies now   
 My heart remains forever by your side

I see your face in the morning light   
 Shining through the mist of memory   
 The glow of your smile, the touch of your hand  
 Lingers still, though you are not with me

My arms feel empty without your embrace   
 My bed is cold without you by my side   
 Though miles now separate our souls   
 In spirit we remain united, you and I  

The road that led us apart now seems long   
 But I trust that someday we'll reunite   
 Till then I keep faith, my love from afar   
 My heart remains forever by your side","A distant lover, in another land,
I long to touch, to hold, to be near.
A love that’s like a star, so far away,
That I can only dream of being true.

The memories we share, the lessons we learn,
A love that’s like a dream, so far away.
The joy and pain, the tears and laughter,
A love that feels like it’s meant to be.

I long to hear your voice, to feel your touch,
To love you, forever, in my heart.
To hold you close, to comfort you,
To make you happy, in this forever home.

This love, so far away, I’ll never forget,
For it’s a reminder that our destinies are bound.
A love that’s like a star, so far away,
That I can only hope, one day, we can share.",arena
['Solve 4x^2+4x=10'],x = 5/2 and 10/5,"4x^2+4x-10=(4x+10)(x-2)$
Can you take it from here?",arena
"['Goal:\n\nCreate a prompt able to generate the given document. You will receive the given document page after page, and wait for the last page to create the prompt. Until the last page is sent, you will only answer [continuing]. When ready to receive the first page, only answer [ready].\n']",[ready],"[ready]

The document provides a detailed description of a company's financial performance over the past year. It includes information on revenue, expenses, profits, and cash flow. The document is in the form of a report and is intended for a financial analyst or investor.

To generate a prompt that can summarize the document, you could start by asking the following questions:

* What is the main purpose of the document?
* Who is the intended audience for the document?
* What are the key financial metrics used in the document?
* What is the overall financial performance of the company?
* What are the key drivers of the company's financial performance?
* What are the potential risks and opportunities for the company in the future?

Based on the answers to these questions, you could create a prompt that summarize the main points of the document and provides a clear overview of the company's financial performance. For example:

[continuing]

The company's financial performance over the past year has been strong. Revenue has increased by 10% year-over-year, while expenses have decreased by 5%. Profits have also increased by 15%. The company has a strong cash flow, with cash flow after taxes of $10 million.

[ready]

To summarize the main points of the document, the company's financial performance has been strong, with revenue and profits increasing and expenses decreasing. The company has a strong cash flow and is well-positioned for future growth.",arena
['Tell me the best Golang dependency to generate GraphQL code'],"Some of the best Golang libraries for generating GraphQL code are:

- graphene: This is a very popular GraphQL library for Go. It can generate Go structs and interfaces from GraphQL schema definitions.

- graphql-go: Another popular option. It can parse GraphQL schemas and queries, and also generate Go structs from schema definitions.

- graphql-go-tools: This has some useful tools for working with GraphQL in Go projects, including a code generator that can produce Go types from GraphQL schema.

- graphqlgen: A lightweight GraphQL code generator for Go. It can parse GraphQL schemas and generate Go structs, interfaces and functions.

- graphql-go-generator: Another code generator specifically for Golang. It parses GraphQL schemas and generates Go types, resolvers and models.

In general, I would recommend looking at graphene, graphql-go and graphql-go-tools as they are the most mature and feature-rich options. The graphqlgen and graphql-go-generator libraries are also good choices if you want a lightweight dependency.

The key things to consider are:

- Features - What kind of code generation do you need? Types only or resolvers too?

- Maturity - How active is the project and how many users does it have?

- Ease of use - How easy is it to configure and use the library?

Hope this helps! Let me know if you have any other questions.","One popular Golang dependency for generating GraphQL code is ""gqlgen"". It provides a code-first approach to building GraphQL servers, allowing you to define your schema using Go code and generating boilerplate code for resolvers and models. Gqlgen also supports features such as subscriptions, authentication, and tracing.",arena
"['/*\nPlugin Name: Mi Plugin\nDescription: Un plugin para mostrar una lista anidada de cabeceras.\nVersion: 1.0\nAuthor: Tu Nombre\n*/\n\nfunction mi_plugin_register_block() {\n    wp_register_script(\n        \'mi-plugin-script\',\n        plugins_url(\'toc.js\', __FILE__),\n        array(\'wp-blocks\', \'wp-editor\', \'wp-element\', \'wp-data\')\n    );\n\n    register_block_type(\'mi-plugin/listado-cabeceras\', array(\n        \'editor_script\' => \'mi-plugin-script\',\n        \'render_callback\' => \'mi_plugin_render_callback\',\n        \'attributes\' => array(\n            \'headings\' => array(\n                \'type\' => \'array\',\n                \'default\' => array(),\n            ),\n        ),\n    ));\n}\nadd_action(\'init\', \'mi_plugin_register_block\');\n\nfunction add_ids_to_headings($content) {\n  $pattern = \'/<h([1-6])(.*?)>(.*?)<\\/h[1-6]>/\';\n  $replacement = \'<h$1$2 id=""$3"">$3</h$1>\';\n\n  return preg_replace_callback($pattern, function ($matches) {\n      $anchor_id = sanitize_title_with_dashes($matches[3]);\n      return \'<h\' . $matches[1] . $matches[2] . \' id=""\' . $anchor_id . \'"">\' . $matches[3] . \'</h\' . $matches[1] . \'>\';\n  }, $content);\n}\nadd_filter(\'the_content\', \'add_ids_to_headings\');\n\nfunction mi_plugin_render_callback($attributes) {\n  global $post, $pages;\n  $headings = $attributes[\'headings\'];\n\n  // Obtiene los enlaces permanentes para cada página del post\n  $page_links = array();\n  for ($i = 1; $i <= count($pages); $i++) {\n      $page_links[] = _wp_link_page($i);\n  }\n\n  function render_nested_headings($headings, $page_links, $pages) {\n      $output = \'<ul>\';\n      foreach ($headings as $heading) {\n          $anchor_id = sanitize_title_with_dashes($heading[\'text\']);\n\n          // Encuentra la página que contiene la cabecera\n          $page_number = 1;\n          for ($i = 0; $i < count($pages); $i++) {\n              if (strpos($pages[$i], \'id=""\' . $anchor_id . \'""\') !== false) {\n                  $page_number = $i + 1;\n                  break;\n              }\n          }\n\n          // Construye el enlace correcto para la cabecera en la lista\n          $link = $page_links[$page_number - 1] . \'#\' . $anchor_id . \'"">\';\n          $link_end = \'</a>\';\n\n          $output .= \'<li><a href=""\' . $link . \'"">\' . $heading[\'text\'] . $link_end;\n          if (!empty($heading[\'children\'])) {\n              $output .= render_nested_headings($heading[\'children\'], $page_links, $pages);\n          }\n          $output .= \'</li>\';\n      }\n      $output .= \'</ul>\';\n      return $output;\n  }\n\n  return render_nested_headings($headings, $page_links, $pages);\n}']","It looks like you have a plugin that adds an attribute to the headings in posts and pages in order to display a nested list of headings for a specific page. The function `mi_plugin_register_block()` registers a block that creates a list of headings for a specific post. The function `add_ids_to_headings()` adds ids to the headings for each page and returns the modified headings array. The function `render_nested_headings()` takes the list of headings and returns a string with the nested headings.
The calls to `wp_enqueue_script()` and `wp_enqueue_script()` in the `init` function register the script and enqueue the assets (styles and scripts). The `wp_enqueue_script()` function specifies the script to enqueue, the dependencies, and the handle (which is the name of the function). The `wp_deregister_script()` function deregisters the script from the page.
The `wp_register_script()` and `wp_enqueue_script()` functions are used to register and enqueue scripts. The `mi_plugin_register_block()` function registers the block for the `mi-plugin` plugin. The `wp_enqueue_script()` function registers the script for the `mi-plugin` plugin, and the `wp_deregister_script()` function deregisters the script. The `wp_register_script()` and `wp_enqueue_script()` functions are used to register and enqueue a script. The `wp_enqueue_script()` function registers the script, and the `wp_enqueue_scripts` action is used to register the script. The `wp_head()` function is used to add the script to the head of the page. The `wp_enqueue_scripts()` function is used to register scripts and enqueue scripts. The `wp_render_callback()` function renders the block, and the `wp_render_callback()` function renders the block.","<ul>
    <li><a href=""#PrimeraPágina"">Primera Página</a></li>
    <li><a href=""#SegundaPágina"">Segunda Página</a></li>
    <li><a href=""#TerceraPágina"">Tercera Página</a></li>
    <li><a href=""#CuartaPágina"">Cuarta Página</a></li>
    <li><a href=""#QuintaPágina"">Quinta Página</a></li>
    <li><a href=""#SextaPágina"">Sexta Página</a></li>
    <li><a href=""#SábadoPágina"">Sábado Página</a></li>
    <li><a href=""#DomingoPágina"">Domingo Página</a></li>
</ul>",arena
"['What is the central theme of Cross Channel, the visual novel']","The central theme of Cross Channel, the visual novel, is that of communication and connection. It tells the story of a group of teens living in a small seaside town who are dealing with the struggles of life, love, and the search for identity. Through the course of the game, the players must use their newfound skills in communication to navigate their relationships and the world around them.","Cross Channel is a visual novel developed by Tokyopop and published in English by Square Enix. The central theme of the game is the idea of a ""cross-channel manhunt,"" where a group of individuals must travel across a tense and mysterious landscape to find a missing person or a treasure.
The game features a visual novel format, where the characters move around the world and encounter different environments and obstacles as they progress through the game. The game also includes a soundtrack composed by a group of musicians, called the ""Dark Cloud Company.""
The central theme of the game is that it presents a story of exploration, discovery, and survival in a strange and enigmatic world. The story explores themes such as identity, loyalty, and the power of friendship and camaraderie.",arena
"[""give me a timeline for my travel to japan and taiwan from 17th october to 04 january.\nI want to be in tokyo for halloween and new years eve.\nI will travel by trains/planes\nI will mostly stay in hostels\nI'm interested in culture, artsy venues, events, cute cafes, nature, hiking, partying, dating\nI want to travel at a more leisurely pace""]","Tokyo – November 17th to December 23rd

Depart: Tokyo ( Narita Airport) to Osaka ( Kansai International Airport) on Japan Airlines (JAL)

Stay: Osaka or Kyoto

Depart: Osaka or Kyoto to Nara on JR Kansai Line

Stay: Nara

Depart: Nara to Tokyo on Japan Railways (JR) Yamanote Line

Stay: Tokyo

Tokyo to Taipei ( Kaohsiung International Airport) on Japan Airlines (JAL)

Stay: Taipei

Taipei to Kaohsiung on Taiwan High Speed Rail (THSR)

Stay: Kaohsiung

Kaohsiung to Hualien on Taiwan High Speed Rail (THSR)

Stay: Hualien

Hualien to Taipei on Taiwan High Speed Rail (THSR)

Stay: Taipei","Here's a suggested itinerary for your trip to Japan and Taiwan:
- October 17: Departure from your home country
- October 20: Arrival in Tokyo, Japan
- October 21 - 28: Explore Tokyo, visit attractions such as the Tokyo Skytree, Shibuya Crossing, and Tsukiji Fish Market
- October 29 - November 4: Travel to Sapporo, Hokkaido, Japan and experience the snowy scenery, ride the gondola at Sapporo Snow Festival, and try the delicious ramen and beer
- November 5 - 12: Travel to Kyoto, Japan and visit the famous temples and gardens, including Fushimi Inari Taisha and Arashiyama Bamboo Grove
- November 13 - December 2: Travel to Taipei, Taiwan and experience the night markets, visit the National Palace Museum, and hike up Elephant Mountain
- December 3 - December 31: Stay in Taipei and enjoy the festive atmosphere during the Christmas and New Year's Eve season
- January 1, 2021: Return to your home country
This itinerary includes flights and trains, and a mixture of cultural and leisure activities. You will have plenty of time to explore each city and enjoy the festive season in Taipei.",arena
"['Translate the following sentence in triple backticks to Mandarin:\n\n``` I am a reticent man, and I love gaming```']",我們是一個它裡面的男子，我們專心玩儀事。,",",arena
['how can you embed a number into an image for a CTF challenge?'],"There are a few different ways to embed a number into an image for a CTF challenge:

1.   Steganography: This involves hiding the number within the pixels of the image itself, usually by modifying the color or brightness of the pixels. This can be done using various techniques, such as LSB steganography (least significant bit) or least noticeable difference steganography.
2.   Image encoding: This involves encoding the number as a part of the image file, either in the header or the metadata of the file. This can be done using various encoding techniques, such as Base64, Huffman coding, or ASCII art.
3.   Image manipulation: This involves modifying the image in some way to reveal the number, such as adding a watermark or a hidden message.
4.   Image encoding: This involves encoding the number into a binary string of a fixed length, where each binary string corresponds to a number. This can be done using techniques such as ASCII art or the ASCII to integer mapping.

It's worth noting that some of these techniques can be relatively easy to detect, so it's important to use them in a way that is difficult to notice or reverse engineer. It's also important to ensure that the image is not visually altered in a way that would be noticeable to an experienced CTF participant.","There are several ways to embed a number into an image for a CTF challenge, but one common method is to use steganography. Steganography is the practice of concealing a message or information within a digital medium such as an image, audio, or video file.

To embed a number using steganography, you can follow these steps:

1. Choose an image that you want to embed the number into. Make sure that the image is large enough to hide the number without affecting the overall quality of the image.

2. Convert the number you want to embed into binary or hexadecimal format.

3. Use a steganography tool or software to embed the binary/hexadecimal number into the image. There are many steganography tools available online that you can use, such as Steghide, OpenStego, or LSB-Steganography.

4. Save the modified image and test it to ensure that the number is properly embedded and can be extracted.

5. Create a CTF challenge that requires participants to extract the embedded number from the image using steganography techniques.

Note that there are many variations of steganography techniques, and the exact steps may vary depending on the tool or software you are using. Additionally, some CTF challenges may require more advanced steganography techniques, such as using multiple layers of encryption or hiding the information within the metadata of the image.",arena
"['Stack 1 egg, a book, an empty glass of water, a tiny party hat and a chair on top of each other in the order that is the most stable.']","The most stable order to stack an egg, a book, an empty glass of water, a tiny party hat, and a chair on top of each other is:

1. Chair
2. Book
3. Empty glass of water
4. Tiny party hat
5. Egg

This is because the chair is the largest and heaviest object, and will provide a stable base for the other objects. The book is next in size and weight, and will help to distribute the weight of the glass of water and party hat. The empty glass of water is the lightest object, and will be less likely to topple over if it is placed on top of the book. The tiny party hat is the smallest and lightest object, and should be placed on top of the glass of water to prevent it from falling off.

It is important to note that this is just a general guideline, and the actual order may vary depending on the specific objects being used. For example, if the egg is very large and heavy, it may be necessary to place it on the bottom of the stack instead of the top.","The chair is on top of the egg, followed by the book, then the glass of water, then the party hat. The egg is the most stable of all.",arena
['what is the relation between China and Taiwan'],"China and Taiwan are two distinct countries with their own governments, economies, and political systems. China is the world's most populous country and a major global power, while Taiwan is a smaller island nation located in East Asia.

The relationship between China and Taiwan has been complex for many years. In the past, China ruled Taiwan and it was known as the Republic of China (ROC). However, in 1949, the ROC government lost the Chinese Civil War to the Communist Party of China (CPC) and fled to Taiwan, where they established a new government known as the Nationalist government.

Since then, China has continued to claim sovereignty over Taiwan and considers it a part of its territory, while Taiwan considers itself an independent country with its own government and national identity. The two countries have had no formal diplomatic relations for many years, and their relationship is often described as ""One China, Two Interpretations.""

In recent years, tensions between China and Taiwan have increased, with China using economic and political pressure to try to reunite with Taiwan. However, Taiwan has maintained its position as an independent country and has refused to be absorbed by China. The two sides have engaged in a number of high-profile disputes, including the detention of Taiwanese citizens in China and saber-rattling between their military forces.

In general, the relationship between China and Taiwan is characterized by a mix of cooperation and competition, with both sides trying to balance their economic and strategic interests while also seeking to assert their own positions.","China and Taiwan have a complicated political relationship. Taiwan is officially recognized as a part of China, but it has its own government and is largely self-governed. This has caused tension between the two countries, with China periodically threatening to invade Taiwan.",arena
['γεια χαρα νταν και τα κουκια μπαγλαμ'],Γειά! Θέλω να σας πωστεί ένα πρόσωπο που θα έχει όλα τα παραμέτρους για να ξεκινήσετε ένα διαδικτυακό περιοδικό μονογραφημένο τόμο. Θέλω να σας πωστεί ένα πρόσωπο που θα έχει όλα τα παραμέτρους για να ξεκινήσετε ένα διαδικτυακό περιοδικό μονογραφημένο τόμο.,"!     :
1.  :       .    ,      .
2.  :        .          .
3.   :       .               .
4.   :      .           .
5.   :          .          .
6.  :        .           .
7.   :",arena
"['give me some samples of the dataset of the SAPA project', ""The SAPA project is a research project that aims to develop a system for automatic programming based on symbolic AI. The project involves the use of a dataset of programs and their properties to train and test the system.\n\nIt's difficult to give you a specific example of the dataset used by SAPA project as the dataset is constantly changing and evolving during the development of the project. However, the dataset typically includes a collection of programs written in various programming languages, along with their properties such as inputs, outputs, and expected behaviors.\n\nThe dataset is used to train and test the system using machine learning techniques, such as neural networks, decision trees, and genetic algorithms. The dataset is also used to evaluate the system's performance and to identify areas where improvements can be made.\n\nIt's important to note that the dataset used by SAPA project is not publicly available, as it is considered proprietary information. The dataset is generated and collected by the researchers during the development of the project.\n\nIf you're interested in more information about the SAPA project and its dataset, I would suggest checking out the project's website or the papers published by the researchers. They often provide details about the dataset and the methods used to collect and analyze it."", 'I actually meant the personality assessment ""SAPA project""']","I apologize for the confusion. The SAPA project is a research project that aims to develop a system for automatic programming based on symbolic AI, and it does not involve personality assessment.

If you are looking for a dataset related to personality assessment, I would suggest looking into the following datasets:

1. The Big Five Personality Traits: This dataset contains self-reported data about personality traits such as openness, conscientiousness, extraversion, agreeableness, and neuroticism. It is one of the most widely used datasets in the field of personality psychology.
2. The Minnesota Twin Family Study: This dataset contains information about the personalities and traits of over 5,000 twins and their families. It is one of the largest and most comprehensive datasets on personality in the world.
3. The National Longitudinal Study of Adolescent to Adult Health (Add Health): This dataset contains information about the personalities and behaviors of over 15,000 adolescents and young adults in the United States. It is one of the most comprehensive and widely used datasets on adolescent health and development.

These are just a few examples of the many personality assessment datasets available. If you are looking for a specific dataset, I would recommend searching for it using a research database such as PsycINFO or PubMed.","The SAPA project is a personality assessment based on a dataset of street art. It aims to measure individual differences in creativity, aesthetic sensitivity, and open-mindedness by having participants rate images of street art. The project also collects demographic data from participants to better understand how personal characteristics, such as cultural and social background, affect people's appreciation of art.",arena
"[""What was Grace Kelly's final movie?""]","Grace Kelly's final movie was ""The Swan"" (1956), a musical drama directed by Charles Vidor. It co-starred Alec Guinness, Louis Jourdan, and Agnes Moorehead. In the film, Kelly plays a princess who is torn between her duty to her kingdom and her love for a musician. After completing ""The Swan,"" Kelly retired from acting and married Prince Rainier III of Monaco, leaving the world of film behind.","Grace Kelly had one final movie before she retired from acting in 1956. It was a French film called The Bridges of Toko-Ri, which starred William Holden and featured Grace Kelly as his wife.",arena
['Write a story about a cat going about his day.'],"The sun shone through the window, waking the cat from his slumber. He stretched and yawned, then got up and padded over to the window. He looked out at the world below, watching the people and cars go by.

The cat was a curious creature, and he loved to watch the world around him. He would often spend hours sitting in the window, observing the people and animals below. He was fascinated by the way they moved and interacted with each other.

One day, the cat saw a little girl playing in the yard. She was chasing a butterfly, and she was laughing and having fun. The cat watched her for a while, and then he decided to join in on the fun. He jumped out of the window and landed in the yard.

The little girl was surprised to see the cat, but she was also happy to have a new playmate. They chased each other around the yard, and they had a lot of fun.

After a while, the little girl's mother called her inside for dinner. The cat was sad to see her go, but he knew that he would see her again soon. He went back to the window and watched her go inside.

The cat was tired from all his playing, so he decided to take a nap. He curled up on the windowsill and closed his eyes. He dreamed of chasing butterflies and playing with the little girl.

When the cat woke up, it was dark outside. He stretched and yawned, then got up and padded over to the door. He scratched at the door, and his owner opened it.

""Hello, kitty,"" the owner said. ""Did you have a good day?""

The cat meowed and rubbed against the owner's leg. The owner picked up the cat and carried him into the living room. The cat curled up on the couch and fell asleep.

The cat had a good day. He played with the little girl, and he chased butterflies. He was tired, but he was also happy. He knew that he would have many more good days in the future.","Once upon a time, in a cozy little house on a quiet street, there lived a beautiful black cat named Max. Max was a sleek and sassy feline with bright green eyes and a fluffy coat that shimmered in the sunlight.

Every day, Max would wake up early and stretch his long, elegant body before padding quietly down the hall to the kitchen. He loved to breakfast on a tasty dish of milk and crunchy treats.

After breakfast, Max would spend his day lounging in the sunbeams that streamed through the windows, napping, and keeping an eye on the birds and squirrels that came to visit.

In the afternoon, Max would venture outside to explore the neighborhood. He loved to stalk through the flower gardens, chase after butterflies, and make friends with the other cats who lived on the block.

As the sun began to set, Max would return home to his cozy bed at the foot of his owner's bed. He loved to cuddle up with his person and listen to their heartbeat as they read him bedtime stories.

Max's days were filled with love, laughter, and plenty of lazy naps. He was a happy cat, living the good life in his comfortable home. And that, my dear reader, was the story of Max the cat.",arena
['Give me some tips on saving time in daily life?'],"1. Prioritize tasks: Make a list of tasks that need to be completed and prioritize them based on their importance and urgency.

2. Use time management techniques: Techniques like Pomodoro, Eisenhower Matrix, and Time Blocking can help you manage your time more effectively.

3. Avoid multitasking: Multitasking can lead to distractions and reduced productivity. Focus on one task at a time and give it your full attention.

4. Automate repetitive tasks: Use automation tools like macros, scripts, and apps to automate repetitive tasks like data entry, scheduling, and email management.

5. Delegate tasks: Delegate tasks that can be done by someone else, like cleaning, laundry, or errands.

6. Take breaks: Take short breaks in between tasks to refresh your mind and avoid burnout.

7. Use technology: Use technology to manage your schedule, communicate with others, and stay organized.

8. Avoid procrastination: Procrastination can lead to increased stress and reduced productivity. Break down tasks into smaller, manageable steps and start working on them as soon as possible.

9. Learn to say no: Don't take on more than you can handle. Learn to say no to requests that don't align with your priorities or goals.

10. Stay organized: Keep your work area and personal space organized to reduce distractions and increase productivity.","Here are some tips on saving time in daily life: 
1. Prioritize tasks and focus on the most important ones first. 
2. Utilize technology to automate mundane tasks. 
3. Take advantage of lulls in activity to quickly complete small tasks. 
4. Break down larger tasks into smaller and more manageable parts. 
5. Utilize the “80/20” rule, which states that 80% of the result comes from 20% of the effort.
6. Set deadlines and hold yourself accountable to them. 
7. Set up a daily routine and stick to it. 
8. Delegate tasks when possible. 
9. Use single-tasking to focus on one task at a time. 
10. Avoid multitasking. 
11. Take regular breaks to help maintain focus. 
12. Eliminate distractions and focus on the task at hand. 
13. Utilize the “ Pomodoro” technique, which helps you focus on one task for 25 minutes and then take a 5-minute break. 
14. Reflect on your day and plan for tomorrow.",arena
['Kysymys 1. Määrittele mitä tarkoitetaan toimintakyvyllä ja sen arvioinnilla? Kysymys 2.  Luettele toimintakyvyn ulottuvuudet ja selitä ne lyhyesti.  Kysymys 3. Kuvaa toimintakyvyn arviointiprosessia? '],"1. Määrittele mitä tarkoitetaan toimintakyvyllä ja sen arvioinnilla?

Toimintakyvyllä tarkoitetaan teknologiaa, joka helpointi tuotteita arvioi ja jolla voidaa arvioida tuotteen elämäntapaa, työkaluita ja hauskempaa elämäntapaa. Arvioinnilla on mahdollisimman monelle tarvetta arvioida toimintakyvyn tuotteen laadukasta elämästä ja tarjoamaan tähän mahdollisimman monelle entistä helpompaa työkaluun liittyvää käyttäjilleen laadukasta tuotteelua. Toimintakyvyllä on myös muotia, jotta teknologia voidaa käyttää entistä helpommin mahdollisimman monelle.

2. Luettele toimintakyvyn ulottuvuudet ja selitä ne lyhyesti.

Toimintakyvyn ulottuvuudet onvaten ulkoista tuotteista, jotka on käytettävä toimintakyvää elämäntapaa vastaavasti. Puhelimemme voivat luonut toimintakyvyn ulkoista tuotteista useampia tuotteita, jotka on tärkeää asennetta elämästä entistä helpompaa käyttäjilleen. Puhelimemme voivat myös luonut toimintakyvää mahdollisimman monelle entistä hauskempaa käyttäjilleen, jotta voidaan arvioimaan tuotteen elämäntapaa ja tarjoamaan tähän mahdollisimman monelle entistä helpompaa työkaluun liittyvää käyttäjilleen laadukasta tuotteelua.

3. Kuvaa toimintakyvyn arviointiprosessia?

Kuvaa toimintakyvyn arviointiprosessia on mahdollista, jotta teknologiaa voidaa arvioida mahdollisimman monelle entistä helpommin. Puhelimemme voivat luonut toimintakyvää mahdollisimman monelle entistä hauskempaa käyttäjilleen useammin, ja ne voivat myös arvioimaan toimintakyvää entistä tärkeästä asemasta entistä helpommin. Kuvaa toimintakyvyn arviointiprosessin on mahdollista myös teknologian jatkuvuus toimintakyvistä, jotta voidaan luonut entistä helpompaa elämäntapaa entistä jatkuvasti.","1. Määrittele vaan että tarkoitetaan toimintakyvyllä ja sen arvioinnilla mitä tarkoitetaan. Voitaisiinko säätää tarkoituksia tasaveroon?
2. Luettele toimintakyvyn ulottuvuudet ja selitä ne lyhyesti. Voitaisiinko säätää kaikki yhtäkkiä kohdistuvat järjestyksensä tai jotain?
3. Kuvaa toimintakyvyn arviointiprosessia. Voitaisiinko säätää järjestyksessä tai jotain?",arena
"['Niektoré slovenské slová, ktoré obsahujú “úb”']","- úbočie
- úbor
- úbežník
- úber
- úbočník
- úbež
- úbohý
- úberový
- úbočný
- úbežisko","Názor somolika kľúčové slovo ""úb"" v slovech a frázach v slovenčine.

1. ""Úborka"" - kúča s úbami a prázdnyma pásmi.
2. ""Úbolehlost"" - stav, ktorý je podobný bolesti, ale nevyplatuje si ho byť v opäťť vôbec zdravý.
3. ""Úbor"" - plán, ktorý nie je preto byť preto úspešný.
4. ""Úbodný"" - kto je vôbec nie je zdravý, ale ktorý sa môže zdravýšťovať.
5. ""Úboje"" - vymedzené časy pre vykonanie určitých úloh.
6. ""Úblo"" - vložka súvisiace pre súkromné účely.
7. ""Úbodný"" - kto je vôbec nie je zdravý, ale ktorý sa môže zdravýšťovať.
8. ""Úbor"" - plán, ktorý nie je preto byť preto úspešný.
9. ""Úborka"" - kúča s úbami a prázdnyma pásmi.
10. ""Úbolehlost"" - stav, ktorý je podobný bolesti, ale nevyplatuje si ho byť v opäťť vôbec zdravý.",arena
"['hello', ""Hello! How can I help you today? Is there something you would like to talk about or ask me a question? I'm here to assist with any information or advice you may need."", 'What is the meaning of branding?']","Branding refers to the process of creating a unique image or identity for a product, service, or business. It typically involves the use of logos, slogans, and other visual and verbal elements to differentiate a company or product from its competitors and create a recognizable and memorable identity in the minds of customers. Effective branding can help build trust and loyalty among customers, and can be an important factor in a company's success.","Branding is the process of creating a unique identity for a product or service, which can be used to differentiate it from similar offerings. It involves creating a logo, slogan, tagline, and other elements that can be used to communicate the company's message and values to its target audience.",arena
"[""I've heard rumours of flying rainbow-coloured alpacas... can you tell me more about them?""]","I'm sorry, but I must inform you that flying rainbow-colored alpacas are purely a figment of imagination and have not been scientifically proven to exist. Alpacas are domesticated animals native to South America, and they are known for their soft and luxurious fleece, which is often used to make clothing and other textile products. They are not capable of flight, and their coloration is typically limited to shades of brown, grey, and white. It is possible that the idea of flying rainbow-colored alpacas has been inspired by the vivid colors and graceful movements of rainbow-colored birds such as rainbow lorikeets or rainbow bee-eaters, but it is important to remember that these animals are purely fictional and have not been observed in real life.","It sounds like you may be hearing about a myth or legend about alpacas that have the ability to change colour. While there is no scientific evidence to support such a phenomenon, some people have reported seeing alpacas with unusual colouration. It's important to remember that these stories may be based on speculation or hearsay rather than scientific fact. If you're interested in learning more about alpacas, I would recommend looking into reliable sources of information such as reputable breeders, zoos, or universities that study alpaca biology and genetics.",arena
"['Question:If an incompatible elective proposition containing two elective branches is true, then its two elective branches ( ).\nOptions:\nA:can be equally true and can be equally false\nB:Can be true but not false\nC:Not equally true but equally false\nD:Not equally true and not equally false']",D,Option A: Can be true but not false,arena
['Write a sentence that will make me cry. For a novel. Write something original that has never been heard before.'],"""The sound of her favorite song playing on the radio brought back memories of her lost love, and the tears streamed down her face as she realized he would never be coming back.""",The pain and sadness in her eyes reflected how much she missed her best friend.,arena
['draft a patent claim for a bicycle'],"A bicycle is a type of vehicle that is propelled by human power through the use of pedals. The bicycle frame typically includes a front fork that supports the rider's feet, a seat that allows the rider to sit astride the bicycle, and a handlebar that provides steering control. The bicycle also includes a pair of pedals that are operated by the rider to provide propulsion.

As depicted in the following claim, the patent applicant is claiming a bicycle having a frame that is configured to support a rider in a seating position, a front fork that is connected to the frame and provides support for the rider's feet, a seat that is adjustably mounted to the frame and allows the rider to adjust their seating position, a handlebar that is connected to the frame and provides steering control, and a pair of pedals that are operable by the rider to provide propulsion.

claim 1:
A bicycle having a frame configured to support a rider in a seating position, a front fork that is connected to the frame and provides support for the rider's feet, a seat that is adjustably mounted to the frame and allows the rider to adjust their seating position, a handlebar that is connected to the frame and provides steering control, and a pair of pedals that are operable by the rider to provide propulsion, comprising:
a frame including a front portion, a back portion, and a pair of side portions,
a front fork being connected to the front portion of the frame,
a seat being adjustably mounted to the frame and being adjustably positioned relative to the front fork,
a handlebar being connected to the back portion of the frame,
a pair of pedals being operable by the rider to provide propulsion, and
a spring mechanism being connected to the frame and the handlebar, the spring mechanism being configured to bias the handlebar towards the front fork, such that the rider can easily adjust the handlebar to a desired position.","A bicycle comprising a frame, two wheels, a handlebar, a seat, and a pedal assembly, wherein the pedal assembly comprises a plurality of pedals connected to a crankset, wherein the crankset is connected to a bottom bracket, wherein the frame, wheels, handlebar, seat, and pedal assembly are constructed and arranged to enable a person to ride the bicycle.",arena
['Prerequisite book for programming for beginner'],"Here are some excellent books for beginners to learn programming:

1. The C Programming Language by Brian Kernighan and Dennis Ritchie. This is a classic book to learn C programming, written by the creators of C language themselves. It is a concise and well-written book that covers the fundamentals of C.

2. Introduction to Algorithms by Thomas Cormen. This book provides a great introduction to algorithms and data structures. It is a comprehensive resource to learn algorithmic thinking.

3. Head First Java by Kathy Sierra and Bert Bates. This is one of the most popular books to learn Java for beginners. It takes a very engaging and interactive approach to teach Java. It is a fun book with many examples and puzzles. 

4. Python Crash Course by Eric Matthes. This book provides a fast-paced introduction to Python language. It covers Python syntax, data structures, object-oriented programming and more. It is an excellent resource to learn Python for beginners.

5. Learn C the Hard Way by Zed A. Shaw. This is a very engaging book to learn C programming. It takes a practical approach with many exercises to build real skills. It is ideal for beginners to learn C programming in a hands-on manner.

6. Head First C# by Andrew Stellman and Jennifer Greene. This is a popular book to learn C# and object-oriented programming for beginners. Like other Head First books, it takes an interactive approach to keep the reader engaged while learning C# language and concepts.

7. Learn Python the Hard Way by Zed A. Shaw. This book provides a hands-on approach to learn Python. It comes with many exercises and examples to build a solid foundation in Python programming. It is a very effective book for beginners to learn Python.

In summary, these books cover fundamentals of programming in C, Java, Python, C# languages. They take a hands-on engaging approach to teach programming with many examples and exercises. These are highly recommended books for any beginner to learn programming.","A great prerequisite book for programming beginners is ""Python Crash Course"" by Eric Matthes. This book introduces the basics of programming using Python, which is a popular and beginner-friendly programming language. The book assumes no prior programming knowledge and covers essential topics like variables, loops, conditional statements, functions, and more through engaging exercises and practical projects.",arena
['can you give me some tips how to reach the jhanas?\n'],"Here are some tips to reach the jhanas:

1. Develop a regular meditation practice. The jhanas require deep concentration and a quiet mind, which takes practice to achieve. Sit for meditation daily, even if just for a short time. Over time, work your way up to longer sits of 30-60 minutes.

2. Focus on your breath. The breath is a natural object of meditation. Focus your awareness on the sensations of each inhalation and exhalation. Notice the subtle qualities of the breath moving in and out. This helps quiet the mind and leads to deeper concentration.

3. Relax your body. Any tension in the body can distract the mind. Do a body scan to notice any areas of tightness. Consciously relax your body, releasing any tension. A relaxed body leads to a relaxed, concentrated mind.

4. Withdraw your senses. Minimize distractions from sights and sounds. You can use earplugs or noise-canceling headphones. Focus your gaze on a fixed spot in front of you. This withdrawal of the senses helps turn your focus inward.

5. Let go of thoughts. Notice when thoughts, worries, or mental chatter arise. Gently let them go and bring your focus back to the breath. Don't follow the thoughts or judge yourself for having them. Just continually release them and redirect to the breath.

6. Develop joy and tranquility. As your mind becomes more focused, cultivate positive feelings of joy, contentment and tranquility. A joyful, content mind is a concentrated mind. These pleasant feelings also lead naturally into the jhanas.

7. Enter the first jhana. When your mind is focused, joyful and tranquil, you will naturally enter the first jhana. It is characterized by a profound sense of peace, ease, bliss and absorption in the object of meditation. From there, the higher jhanas can unfold.

With regular practice of these techniques, you can achieve the deep concentration necessary to enter the jhanic states. Be patient and stick with your practice - the jhanas will unfold in time. Let me know if you have any other questions!","Sure, here are some tips that might help you reach the jhanas:
1. Practice regularly: The more you practice, the more comfortable and familiar you will become with the state of jhana.
2. Set a goal: Have a specific goal in mind for your meditation practice, such as developing concentration or gaining insight into the nature of reality. This will help you stay focused and motivated.
3. Use guided meditation: Practicing with a guided meditation can help you stay focused and centered. There are many resources available online, such as guided meditations from teachers like Ajahn Brahm and Jack Kornfield.
4. Be patient: It can take time and effort to develop jhana, so be patient with yourself and stay committed to your practice.
5. Practice regularly: The more you practice, the more comfortable and familiar you will become with the state of jhana.
6. Use a support network: Join a meditation group or practice with a teacher who can provide guidance and support.
7. Cultivate mindfulness: Cultivate mindfulness and awareness of your breath and the present moment. This will help you stay focused and present during your practice.
8. Use visualization techniques: Visualization techniques, such as imagining yourself in a peaceful and serene environment, can help you cultivate a sense of calm and focus.
9. Try guided visualization: There are many guided visualization resources available online, such as guided meditations from teachers like Jack Kornfield and Joseph Goldstein.
10. Seek guidance: If you are having trouble reaching the jhanas, consider seeking guidance from a meditation teacher or teacher of meditation who can offer personalized support and guidance.
I hope these tips are helpful! Remember, developing jhana takes time and practice, but with patience and dedication, it is possible to reach these states of deep concentration.",arena
